product_id,Category,Name,Title,Image,Price
1,Ар брют Мэрит Серенити,"""Треугольники Пикассо"" панель ПВХ 250х2700х8 мм","""Треугольники Пикассо"" панель ПВХ 250х2700х8 мм","https://1617657.ssl.1c-bitrix-cdn.ru/upload/iblock/203/2034af3a5d9e1974e7b6980257e26d52.jpg?163903814927657,https://1617657.ssl.1c-bitrix-cdn.ru/upload/iblock/ff0/ff0ba0a92bebec27a90866bd01a6eb2d.jpg?163903829454107",217
2,Ар брют Мэрит Серенити,"""Хрустальный узор 20T006-1"" панель ПВХ 250х2700х8 мм","""Хрустальный узор 20T006-1"" панель ПВХ 250х2700х8 мм",https://1617657.ssl.1c-bitrix-cdn.ru/upload/iblock/319/31991e75c84999b256bdfa96fe262876.PNG?1617088300396425,217
3,Ар брют Мэрит Серенити,"""Тополь светлый 19T012-2"" панель ПВХ 250х2700х8 мм","""Тополь светлый 19T012-2"" панель ПВХ 250х2700х8 мм","https://1617657.ssl.1c-bitrix-cdn.ru/upload/adwex.minified/webp/52f/80/52f43f9496c289c8647b5faac09483c6.webp?1614774031206598,https://1617657.ssl.1c-bitrix-cdn.ru/upload/adwex.minified/webp/e63/80/e636c00a9edacce74e4fa014a7f52b65.webp?161658631531504,https://1617657.ssl.1c-bitrix-cdn.ru/upload/adwex.minified/webp/dd0/80/dd05974ede6087fcd4d45b7733df0b1a.webp?164077624742280,https://1617657.ssl.1c-bitrix-cdn.ru/upload/adwex.minified/webp/762/80/762c908a4dfcd52b03ec2499cca997ca.webp?164077624845788,https://1617657.ssl.1c-bitrix-cdn.ru/upload/adwex.minified/webp/033/80/033121504e13d27408cf46ea82ba8759.webp?164077624945716,https://1617657.ssl.1c-bitrix-cdn.ru/upload/adwex.minified/webp/16e/80/16e23f4a8643d13182ad486d139342bb.webp?164077625059154,https://1617657.ssl.1c-bitrix-cdn.ru/upload/adwex.minified/webp/e79/80/e7975137c9fac50ad6f1502671b8b8e9.webp?164077625184708,https://1617657.ssl.1c-bitrix-cdn.ru/upload/adwex.minified/webp/152/80/1525226d66cceb8d345203783b00fa5a.webp?164077625283774,https://1617657.ssl.1c-bitrix-cdn.ru/upload/adwex.minified/webp/19d/80/19d04808ed4c3767fa0ed419500bbd46.webp?164077625361930,https://1617657.ssl.1c-bitrix-cdn.ru/upload/adwex.minified/webp/9f8/80/9f840eb4f649a50711f49f2a7fce1f18.webp?164077625449178,https://1617657.ssl.1c-bitrix-cdn.ru/upload/adwex.minified/webp/7aa/80/7aa28a3769ec71cc7fe893ccd326a418.webp?164077625551906,https://1617657.ssl.1c-bitrix-cdn.ru/upload/adwex.minified/webp/4b5/80/4b52ae5798c35591049fbe99d3768202.webp?164077625642698,https://1617657.ssl.1c-bitrix-cdn.ru/upload/adwex.minified/webp/a8f/80/a8f73e3e8505c04476cbd966b1b865af.webp?164077625865216,https://1617657.ssl.1c-bitrix-cdn.ru/upload/adwex.minified/webp/d55/80/d552a3bb3036ba6d91d45a6f1133e035.webp?164077625984138",217
4,Ар брют Мэрит Серенити,"""Зимние сумерки узор 20T006-2"" панель ПВХ 250х2700х8 мм","""Зимние сумерки узор 20T006-2"" панель ПВХ 250х2700х8 мм",https://1617657.ssl.1c-bitrix-cdn.ru/upload/iblock/d3d/d3d31565f487015f2ed03ef086439d3f.PNG?1610546495445019,217
5,Ар брют Мэрит Серенити,"""Хрустальный фон 20Т005-1"" панель ПВХ 250х2700х8 мм","""Хрустальный фон 20Т005-1"" панель ПВХ 250х2700х8 мм",https://1617657.ssl.1c-bitrix-cdn.ru/upload/iblock/547/547f4654f77c0b42e3960c319cd27a67.PNG?1610547459345105,217
6,Ар брют Мэрит Серенити,"""Летний вечер узор 19Т010-1"" панель ПВХ 250х2700х8 мм","""Летний вечер узор 19Т010-1"" панель ПВХ 250х2700х8 мм","https://1617657.ssl.1c-bitrix-cdn.ru/upload/iblock/72a/72a04dac2c5521f73addf1351d8c1cd0.jpg?1600881104281452,https://1617657.ssl.1c-bitrix-cdn.ru/upload/iblock/a4d/a4d780e0127a6707f69fbf8557cd7846.jpg?160088171537783",217
7,Ар брют Мэрит Серенити,"""Зимние сумерки фон 20Т005-2"" панель ПВХ 250х2700х8 мм","""Зимние сумерки фон 20Т005-2"" панель ПВХ 250х2700х8 мм",https://1617657.ssl.1c-bitrix-cdn.ru/upload/adwex.minified/webp/836/80/83675486fc9a98161f92a1839678ccf2.webp?161477402534186,217
8,Ар брют Мэрит Серенити,"""Безмятежность узор 20Т008-1"" панель ПВХ 250х2700х8 мм","""Безмятежность узор 20Т008-1"" панель ПВХ 250х2700х8 мм",https://1617657.ssl.1c-bitrix-cdn.ru/upload/iblock/f10/f1089959d8b302b1dbf7b8d44fc01ebf.PNG?1638866905305305,217
9,Пробуждение,"""Пробуждение компаньон 634/1"" панель ПВХ 250х2700х8 мм","""Пробуждение компаньон 634/1"" панель ПВХ 250х2700х8 мм","https://1617657.ssl.1c-bitrix-cdn.ru/upload/iblock/f14/f14335d7daa7e162f19e29b0762bd261.png?1600881019484662,https://1617657.ssl.1c-bitrix-cdn.ru/upload/iblock/d52/d52001c9ec0deed472b6e2a68c5f3618.jpg?160089627897230",217
10,Ар брют Мэрит Серенити,"""Безмятежность фон 20Т009-1"" панель ПВХ 250х2700х8 мм","""Безмятежность фон 20Т009-1"" панель ПВХ 250х2700х8 мм",https://1617657.ssl.1c-bitrix-cdn.ru/upload/iblock/541/5419e1f8305bb1b94c4138b97fef5ef4.PNG?1634566658150053,217
11,Пробуждение,"""Пробуждение 634"" панель ПВХ 250х2700х8 мм","""Пробуждение 634"" панель ПВХ 250х2700х8 мм","https://1617657.ssl.1c-bitrix-cdn.ru/upload/iblock/373/373a2aa3016601e44f94a752d3e0782d.png?1600881024542084,https://1617657.ssl.1c-bitrix-cdn.ru/upload/iblock/dd8/dd8168e90ce0d03a883f8704dafdd2fc.jpg?160089627897230",217
12,Ар брют Мэрит Серенити,"""Тополь темный 19T012-1"" панель ПВХ 250х2700х8 мм","""Тополь темный 19T012-1"" панель ПВХ 250х2700х8 мм","https://1617657.ssl.1c-bitrix-cdn.ru/upload/iblock/c61/c61f4d2246fc8df14273a06757a3e040.jpg?1600889004285963,https://1617657.ssl.1c-bitrix-cdn.ru/upload/iblock/b4f/b4f4789b489e53021cda27b42eb0280b.jpg?160088171545378",217
13,Оранда™,"""Белые розы фон 852"" панель ПВХ 250х2700х8 мм","""Белые розы фон 852"" панель ПВХ 250х2700х8 мм",https://1617657.ssl.1c-bitrix-cdn.ru/upload/iblock/9c0/9c0b1a07b62bb4f3c1dc72a06b44c8c8.jpg?160089652324064,232
14,Оранда™,"""Бархат фон 852/1"" панель ПВХ 250х2700х8 мм","""Бархат фон 852/1"" панель ПВХ 250х2700х8 мм",https://1617657.ssl.1c-bitrix-cdn.ru/upload/iblock/bb4/bb416476a76fee9654c10d94efb70b78.jpg?1625739627276821,232
15,Оранда™,"""Компаньон к Подснежникам и Рыбкам 830"" панель ПВХ 250х2700х8 мм","""Компаньон к Подснежникам и Рыбкам 830"" панель ПВХ 250х2700х8 мм","https://1617657.ssl.1c-bitrix-cdn.ru/upload/iblock/a4f/a4f086fd9af9078b33a3ac983359c560.jpg?160088094261653,https://1617657.ssl.1c-bitrix-cdn.ru/upload/iblock/c76/c76406402e542ec730c98f35bbc1c75e.webp?159351707481764,https://1617657.ssl.1c-bitrix-cdn.ru/upload/iblock/977/977817c94ed4a3aad6a849fb73a1c047.webp?1593517074110200",232
16,FANTASY ФАРН,"""Императрица 629"" панель ПВХ 250х2700х8 мм","""Императрица 629"" панель ПВХ 250х2700х8 мм","https://1617657.ssl.1c-bitrix-cdn.ru/upload/iblock/45d/45d91ca3d32c2ddd3bea247acbaf9797.jpg?160088900255905,https://1617657.ssl.1c-bitrix-cdn.ru/upload/iblock/c7b/c7b93a4558aae12d4b7a6007fe540c7b.jpg?160088912171046",217
17,Пробуждение,"""Сеньора компаньон 632/1"" панель ПВХ 250х2700х8 мм","""Сеньора компаньон 632/1"" панель ПВХ 250х2700х8 мм","https://1617657.ssl.1c-bitrix-cdn.ru/upload/iblock/85a/85a0b636830f58e6674adfad014a0fe4.png?1600881022223429,https://1617657.ssl.1c-bitrix-cdn.ru/upload/iblock/cd3/cd3b54e0f567b1030d6de0241fe9375e.jpg?160089627891351",217
18,Дерево и камень,"""Сланец 630"" панель ПВХ 250х2700х8 мм","""Сланец 630"" панель ПВХ 250х2700х8 мм","https://1617657.ssl.1c-bitrix-cdn.ru/upload/adwex.minified/webp/ba1/80/ba1edfd76252ea52b388096301b30817.webp?161504989241106,https://1617657.ssl.1c-bitrix-cdn.ru/upload/adwex.minified/webp/034/80/0349294b639be38c8d1be66d0ed69896.webp?1615278353107876",217
19,Дерево и камень,"""Кирпич 347"" панель ПВХ 250х2700х8 мм","""Кирпич 347"" панель ПВХ 250х2700х8 мм","https://1617657.ssl.1c-bitrix-cdn.ru/upload/iblock/eaa/eaaf663b27042e2a4f2e35f320ab50a9.jpg?160088900316232,https://1617657.ssl.1c-bitrix-cdn.ru/upload/iblock/3aa/3aa5469476155c374f43da4ca53b5798.jpg?160088172741292",217
20,Основная коллекция,"""Египет 52"" панель ПВХ 250х2700х8 мм","""Египет 52"" панель ПВХ 250х2700х8 мм",https://1617657.ssl.1c-bitrix-cdn.ru/upload/iblock/355/35579e34172b3b58a3f81a874e514721.jpg?160088203026875,217
21,Multiline,"""Орхидея белая 0114-1"" панель ПВХ 250х2700х8 мм","""Орхидея белая 0114-1"" панель ПВХ 250х2700х8 мм","https://1617657.ssl.1c-bitrix-cdn.ru/upload/iblock/cc8/cc8229fbef6a13ce7d92a39926c71827.jpg?156379024332674,https://1617657.ssl.1c-bitrix-cdn.ru/upload/iblock/4ef/4efdc996d88c730d7c86487897c5d6f9.png?1600881734363498",217
22,Ля Флер Энерджи,"""Мраморный калейдоскоп 653"" панель ПВХ 250х2700х8 мм","""Мраморный калейдоскоп 653"" панель ПВХ 250х2700х8 мм","https://1617657.ssl.1c-bitrix-cdn.ru/upload/iblock/b96/b969edd7d5e2e6d9b3c58258062f85bc.jpg?161415551026147,https://1617657.ssl.1c-bitrix-cdn.ru/upload/iblock/9fb/9fb2e3d3075718ab93a57ea4c59f5871.jpg?161381550044140",217
23,Ля Флер Энерджи,"""Нежная лаванда узор 645"" панель ПВХ 250х2700х8 мм","""Нежная лаванда узор 645"" панель ПВХ 250х2700х8 мм","https://1617657.ssl.1c-bitrix-cdn.ru/upload/iblock/3ad/3adc6635941a9f2282463601feaa200c.jpg?160088110445069,https://1617657.ssl.1c-bitrix-cdn.ru/upload/iblock/e51/e51e270eb10a691b4000b7830571dfb0.jpg?160088171568775",217
24,Термолак Оранда™,"""Шанталь узор"" ЛАК панель ПВХ 250х2700х8 мм","""Шанталь узор"" ЛАК панель ПВХ 250х2700х8 мм",https://1617657.ssl.1c-bitrix-cdn.ru/upload/iblock/7dd/7dde4add99d4141837186a57ded59157.jpg?163430526071953,260
25,Ля Флер Энерджи,"""Нежная лаванда фон 646"" панель ПВХ 250х2700х8 мм","""Нежная лаванда фон 646"" панель ПВХ 250х2700х8 мм","https://1617657.ssl.1c-bitrix-cdn.ru/upload/iblock/8c5/8c5fcf4907985cfaf2ef4d6f32503cb2.jpg?160088110433755,https://1617657.ssl.1c-bitrix-cdn.ru/upload/iblock/f80/f80099b7acfcdf77c4fdbbc5520e71cd.jpg?160088171568775",217
26,Термолак Оранда™,"""Ромбус"" ЛАК панель ПВХ 250х2700х8 мм","""Ромбус"" ЛАК панель ПВХ 250х2700х8 мм","https://1617657.ssl.1c-bitrix-cdn.ru/upload/iblock/9e4/9e4dc9120e36f82a3982df832afdf23d.jpg?161358581615390,https://1617657.ssl.1c-bitrix-cdn.ru/upload/iblock/23d/23d06e707c62cd77f302faea1775579b.jpg?160088905153551",195
27,Термолак Оранда™,"""Релакс 837"" ЛАК панель ПВХ 250х2700х8 мм","""Релакс 837"" ЛАК панель ПВХ 250х2700х8 мм",https://1617657.ssl.1c-bitrix-cdn.ru/upload/iblock/e57/e57d0e5c296be054cbe9d031246ce763.jpg?160088199752766,260
28,Термолак Оранда™,"""Релакс Фон 837/1"" ЛАК панель ПВХ 250х2700х8 мм","""Релакс Фон 837/1"" ЛАК панель ПВХ 250х2700х8 мм",https://1617657.ssl.1c-bitrix-cdn.ru/upload/iblock/54e/54ef3977d2787a9004100388ee16a039.jpg?160088199742599,260
29,Термолак Оранда™,"""Шанталь фон"" ЛАК панель ПВХ 250х2700х8 мм","""Шанталь фон"" ЛАК панель ПВХ 250х2700х8 мм",https://1617657.ssl.1c-bitrix-cdn.ru/upload/iblock/56b/56bc5f76aff36f6d0ca9e579ab7b3696.jpg?163456847278639,260
30,Термолак Оранда™,Кожа бежевая ПВХ-панель для прихожей 250х2700х8 мм,Кожа бежевая ПВХ-панель для прихожей 250х2700х8 мм,https://1617657.ssl.1c-bitrix-cdn.ru/upload/iblock/0a5/0a5246d76a1f3c72d6cdfbbcd149de42.jpg?160088925140073,260
31,Multiline,"""Ротондо серебряный 229/4"" панель ПВХ 250х2700х8 мм","""Ротондо серебряный 229/4"" панель ПВХ 250х2700х8 мм",https://1617657.ssl.1c-bitrix-cdn.ru/upload/iblock/cd1/cd14c275e5d621c299d592085b1748ef.png?160088890377478,217
32,Multiline,"""Боттичино сатин 0107-1"" панель ПВХ 250х2700х8 мм","""Боттичино сатин 0107-1"" панель ПВХ 250х2700х8 мм","https://1617657.ssl.1c-bitrix-cdn.ru/upload/iblock/312/31285089a2c3aacd55b65022087c91eb.jpg?160389039950515,https://1617657.ssl.1c-bitrix-cdn.ru/upload/iblock/9f8/9f87cc47a74029aa05f8b2ae41bc0218.png?1600881737374114",217
33,Термолак Оранда™,"""Фон жемчужный 834/1"" ЛАК панель ПВХ 250х2700х8 мм","""Фон жемчужный 834/1"" ЛАК панель ПВХ 250х2700х8 мм",https://1617657.ssl.1c-bitrix-cdn.ru/upload/iblock/46c/46c0de8a7db4b6c608c0311c8de805be.jpg?160088096368151,260
34,Термолак Оранда™,Кожа панель для кухни 250х2700х8 мм,Кожа панель для кухни 250х2700х8 мм,https://1617657.ssl.1c-bitrix-cdn.ru/upload/iblock/384/3849792f0a47bad1f55e1136aadb0778.jpg?160088925131531,260
35,Термолак Оранда™,"""Романтика фон ванильный"" ЛАК панель ПВХ 250х2700х8 мм","""Романтика фон ванильный"" ЛАК панель ПВХ 250х2700х8 мм",https://1617657.ssl.1c-bitrix-cdn.ru/upload/iblock/cde/cde32f621232b140a83000cdb911cec4.jpg?163454468029128,260
36,Multiline,"""Амата 0141"" панель ПВХ 250х2700х8 мм","""Амата 0141"" панель ПВХ 250х2700х8 мм","https://1617657.ssl.1c-bitrix-cdn.ru/upload/iblock/351/35176e218bb3e95908c1c14754533703.png?1600881986316283,https://1617657.ssl.1c-bitrix-cdn.ru/upload/iblock/e5f/e5ffa60c2f247042bc97ff6de7ae9ac3.jpg?160088172735956",217
37,Multiline,"""Сет жемчужный 333/1"" панель ПВХ 250х2700х8 мм","""Сет жемчужный 333/1"" панель ПВХ 250х2700х8 мм","https://1617657.ssl.1c-bitrix-cdn.ru/upload/adwex.minified/webp/1e0/80/1e07c587789cd58e9e23ca06499bc368.webp?16152909781198,https://1617657.ssl.1c-bitrix-cdn.ru/upload/adwex.minified/webp/d66/80/d66fe49d3de991ca8007a17f80fb6627.webp?161547174855270",167
38,Multiline,"""Циния золотистая 234/3"" панель ПВХ 250х2700х8 мм","""Циния золотистая 234/3"" панель ПВХ 250х2700х8 мм","https://1617657.ssl.1c-bitrix-cdn.ru/upload/iblock/73e/73e5523dbbef86d208022dfbc2cd1fd3.png?1600881076136851,https://1617657.ssl.1c-bitrix-cdn.ru/upload/iblock/c67/c674368a3700a3658d88e7810b34faad.jpg?160088172848223",217
39,Multiline,"""Ангелы коралл 338/1"" панель ПВХ 250х2700х8 мм","""Ангелы коралл 338/1"" панель ПВХ 250х2700х8 мм",https://1617657.ssl.1c-bitrix-cdn.ru/upload/iblock/104/104b2a800f67f2ae6c32e3e7d3fdc879.jpg?163973100520211,167
40,Multiline,"""Прибой морской 0157-2"" панель ПВХ 250х2700х8 мм","""Прибой морской 0157-2"" панель ПВХ 250х2700х8 мм","https://1617657.ssl.1c-bitrix-cdn.ru/upload/iblock/204/204fbb36f21be658fd0de1c325927a2e.png?1600880971256621,https://1617657.ssl.1c-bitrix-cdn.ru/upload/iblock/b53/b53b8aa5114a5c39ee2fb7e11882e460.jpg?160088172437634",217
41,Multiline,"""Колор золотистый 235"" панель ПВХ 250х2700х8 мм","""Колор золотистый 235"" панель ПВХ 250х2700х8 мм","https://1617657.ssl.1c-bitrix-cdn.ru/upload/iblock/a87/a878a87023f39984ade1d2e08db82257.jpg?160088890321446,https://1617657.ssl.1c-bitrix-cdn.ru/upload/iblock/333/33375838372a76d4d58192bc67415f44.jpg?160088172848223",217
42,Multiline,"""Париж ярко-розовый 233/6"" панель ПВХ 250х2700х8 мм","""Париж ярко-розовый 233/6"" панель ПВХ 250х2700х8 мм",https://1617657.ssl.1c-bitrix-cdn.ru/upload/iblock/dac/dac5ce8360f51373962399e290186f61.png?1611582085176877,167
43,Ля Флер Энерджи,"""Дикая вишня фон 644/1"" панель ПВХ 250х2700х8 мм","""Дикая вишня фон 644/1"" панель ПВХ 250х2700х8 мм","https://1617657.ssl.1c-bitrix-cdn.ru/upload/iblock/04c/04c2232cca792b4c771d0ab5c8530ad7.jpg?161415571533378,https://1617657.ssl.1c-bitrix-cdn.ru/upload/iblock/6a8/6a83993a7af5933cd80fe56c9e9ad997.jpg?160088171582075",217
44,Multiline,"""Доминикана 0148"" панель ПВХ 250х2700х8 мм","""Доминикана 0148"" панель ПВХ 250х2700х8 мм","https://1617657.ssl.1c-bitrix-cdn.ru/upload/iblock/e95/e95eea5fa8778e98f28fe7ef98208d4d.png?1600881722561751,https://1617657.ssl.1c-bitrix-cdn.ru/upload/iblock/ffe/ffe002e996f1f496a8b1689880c37cf3.png?1600881724358908",217
45,Ля Флер Энерджи,"""Дыхание Юга узор 652"" панель ПВХ 250х2700х8 мм","""Дыхание Юга узор 652"" панель ПВХ 250х2700х8 мм","https://1617657.ssl.1c-bitrix-cdn.ru/upload/iblock/3f5/3f5da7c2b236bcbd2b583976b5abe883.jpg?161381542128505,https://1617657.ssl.1c-bitrix-cdn.ru/upload/iblock/cbe/cbe9ebd348ff363cb403de995f9dc14c.jpg?161381533046388",217
46,Ля Флер Энерджи,"""Летний шторм фон 651/1"" панель ПВХ 250х2700х8 мм","""Летний шторм фон 651/1"" панель ПВХ 250х2700х8 мм","https://1617657.ssl.1c-bitrix-cdn.ru/upload/iblock/f2a/f2a4f5ea143f4403883b22bb45b29368.jpg?161415527126128,https://1617657.ssl.1c-bitrix-cdn.ru/upload/iblock/3d9/3d99116306bb73b944720e56134e5ff3.jpg?161381518241019",217
47,Мозаика и классика™,"""Бархан ночной 274"" панель ПВХ 250х2700х8 мм","""Бархан ночной 274"" панель ПВХ 250х2700х8 мм",https://1617657.ssl.1c-bitrix-cdn.ru/upload/iblock/758/758be1e2ec5109424c579468fa21a54e.jpg?160089610732945,217
48,Ля Флер Энерджи,"""Дикая вишня узор 644"" панель ПВХ 250х2700х8 мм","""Дикая вишня узор 644"" панель ПВХ 250х2700х8 мм","https://1617657.ssl.1c-bitrix-cdn.ru/upload/iblock/9a4/9a440fe26d8c7c390158af074e28f1a6.jpg?160388618137677,https://1617657.ssl.1c-bitrix-cdn.ru/upload/iblock/ce8/ce8d1eff7266769dd0c1b7b54cdb2462.jpg?160088171582075",217
49,Ля Флер Энерджи,"""Летний шторм узор 651"" панель ПВХ 250х2700х8 мм","""Летний шторм узор 651"" панель ПВХ 250х2700х8 мм","https://1617657.ssl.1c-bitrix-cdn.ru/upload/iblock/857/857f7ad262b652f7293153d4e11860e8.jpg?161415557734494,https://1617657.ssl.1c-bitrix-cdn.ru/upload/iblock/f6c/f6c2ca3ec9db3681aadfd397517b15a5.jpg?161381487241019",217
50,Мозаика и классика™,"""Мозаика Серебро (лиловое стекло) 284/3"" панель ПВХ 250х2700х8 мм","""Мозаика Серебро (лиловое стекло) 284/3"" панель ПВХ 250х2700х8 мм",https://1617657.ssl.1c-bitrix-cdn.ru/upload/iblock/3be/3be5e265990fb0c3aa6459b03f8f9245.jpg?160088199982134,217
51,Мозаика и классика™,"""Мозаика Серебро (синее стекло) 284/4"" панель ПВХ 250х2700х8 мм","""Мозаика Серебро (синее стекло) 284/4"" панель ПВХ 250х2700х8 мм",https://1617657.ssl.1c-bitrix-cdn.ru/upload/iblock/eab/eab29987c7db792a4ac0dadbda648592.jpg?160088199984858,217
52,Мозаика и классика™,"""Мозаика Перламутр 283"" панель ПВХ 250х2700х8 мм","""Мозаика Перламутр 283"" панель ПВХ 250х2700х8 мм",https://1617657.ssl.1c-bitrix-cdn.ru/upload/iblock/155/15585795be1e39a1b15842434564303c.jpg?160396085650090,217
53,Мозаика и классика™,"""Мозаика Серебро 284"" панель ПВХ 250х2700х8 мм","""Мозаика Серебро 284"" панель ПВХ 250х2700х8 мм",https://1617657.ssl.1c-bitrix-cdn.ru/upload/iblock/5bd/5bd23dc37b1350d0902044e95d8357a1.jpg?160088199988263,217
54,Мозаика и классика™,"""Очарование серебряное 264/5"" панель ПВХ 250х2700х8 мм","""Очарование серебряное 264/5"" панель ПВХ 250х2700х8 мм",https://1617657.ssl.1c-bitrix-cdn.ru/upload/iblock/554/554a585ac4f45467de5e5ad3140f11a9.jpg?16008810768296,217
55,Мозаика и классика™,"""Ирис черный 261"" панель ПВХ 250х2700х8 мм","""Ирис черный 261"" панель ПВХ 250х2700х8 мм","https://1617657.ssl.1c-bitrix-cdn.ru/upload/iblock/b72/b729dcb7eb6bfe18cb236c1a1eb67405.jpg?16038877659962,https://1617657.ssl.1c-bitrix-cdn.ru/upload/iblock/d9b/d9b18ba0c4642e9e58bd5bdea65ba236.jpg?1600882252161419",217
56,Мозаика и классика™,"""Дымка 270/4"" панель ПВХ 250х2700х8 мм","""Дымка 270/4"" панель ПВХ 250х2700х8 мм","https://1617657.ssl.1c-bitrix-cdn.ru/upload/iblock/62b/62b3dfdf71ba3f5d8ba7d690623251eb.jpg?160088107620935,https://1617657.ssl.1c-bitrix-cdn.ru/upload/iblock/498/498b504fbdbbbd38b51570a0ad861437.jpg?160089628047576",217
57,Мозаика и классика™,"""Мозаика Серебро (зеленое стекло) 284/2"" панель ПВХ 250х2700х8 мм","""Мозаика Серебро (зеленое стекло) 284/2"" панель ПВХ 250х2700х8 мм","https://1617657.ssl.1c-bitrix-cdn.ru/upload/iblock/cf1/cf167c4011ff88c5dd80bf39c2a3107f.jpg?160088199985260,https://1617657.ssl.1c-bitrix-cdn.ru/upload/iblock/452/452bc6100d356afc5a78b2a7209c5313.jpg?16008822501072225",217
58,Астро™ Дольче Вита™,"""Альтера бежевая узор 290"" панель ПВХ 250х2700х8 мм","""Альтера бежевая узор 290"" панель ПВХ 250х2700х8 мм","https://1617657.ssl.1c-bitrix-cdn.ru/upload/iblock/a4d/a4d8e0b6130074b8b62345da351e4bd6.png?1600880975657801,https://1617657.ssl.1c-bitrix-cdn.ru/upload/iblock/218/2180df323d0ac450708530ed78572c4e.jpg?16008811083054272",217
59,Мозаика и классика™,"""Морской конек узор 720"" панель ПВХ 250х2700х8 мм","""Морской конек узор 720"" панель ПВХ 250х2700х8 мм","https://1617657.ssl.1c-bitrix-cdn.ru/upload/iblock/bf3/bf3a7d80e1dd432520f0f8badd46591e.jpg?162325470219995,https://1617657.ssl.1c-bitrix-cdn.ru/upload/iblock/ca2/ca2353b3da981aa0c53298232ca6a953.jpg?162325554143310,https://1617657.ssl.1c-bitrix-cdn.ru/upload/iblock/0cb/0cb61c0994c7aa6311c41597e1b30b05.jpg?162325554158813,https://1617657.ssl.1c-bitrix-cdn.ru/upload/iblock/013/013d27ac3d0d8d67efeeaadc6ae129fe.jpg?162325554144903,https://1617657.ssl.1c-bitrix-cdn.ru/upload/iblock/f9a/f9a41b7eab7e4afa750d6a1c5a1fe330.jpg?162325554135317",221
60,Астро™ Дольче Вита™,"""Альтера бежевая фон 290/1"" панель ПВХ 250х2700х8 мм","""Альтера бежевая фон 290/1"" панель ПВХ 250х2700х8 мм","https://1617657.ssl.1c-bitrix-cdn.ru/upload/iblock/e6a/e6a83f3e54f63fd77679dfe02e24ce43.png?1600882751512033,https://1617657.ssl.1c-bitrix-cdn.ru/upload/iblock/e70/e705550218398bc931db698e9c978c9f.jpg?16008811103054272",217
61,Мозаика и классика™,"""Морской конек фон 720/1"" панель ПВХ 250х2700х8 мм","""Морской конек фон 720/1"" панель ПВХ 250х2700х8 мм","https://1617657.ssl.1c-bitrix-cdn.ru/upload/iblock/96b/96b896db69ac96e7e9e3f79cc6652afb.jpg?162325491919730,https://1617657.ssl.1c-bitrix-cdn.ru/upload/iblock/279/2797e42780bf859fc65f177922290fa5.jpg?162325556443310,https://1617657.ssl.1c-bitrix-cdn.ru/upload/iblock/069/069ca30b2f43d95aeba532583ccc5223.jpg?162325556458813,https://1617657.ssl.1c-bitrix-cdn.ru/upload/iblock/79a/79a7d2f8be547e513703d9bf16e6aa0b.jpg?162325556444903,https://1617657.ssl.1c-bitrix-cdn.ru/upload/iblock/586/586667f2b9bba2b774d1b144d22d6ea9.jpg?162325556435317",221
62,Астро™ Дольче Вита™,"""Альтера голубая фон 291/1"" панель ПВХ 250х2700х8 мм","""Альтера голубая фон 291/1"" панель ПВХ 250х2700х8 мм","https://1617657.ssl.1c-bitrix-cdn.ru/upload/iblock/1e7/1e723763ff88d314f97e3ec864c8052a.png?1600882755438596,https://1617657.ssl.1c-bitrix-cdn.ru/upload/iblock/81a/81ab29c6d22f0ecaecaf10de58824cb8.jpg?1600881113483311",217
63,Мозаика и классика™,"""Солнечный день 267"" панель ПВХ 250х2700х8 мм","""Солнечный день 267"" панель ПВХ 250х2700х8 мм",https://1617657.ssl.1c-bitrix-cdn.ru/upload/iblock/769/7695a765f0e6feb3efe1c3d740ed6810.jpg?156741697518147,217
64,Астро™ Дольче Вита™,"""Эко бамбук классик фон 293/1"" панель ПВХ 250х2700х8 мм","""Эко бамбук классик фон 293/1"" панель ПВХ 250х2700х8 мм","https://1617657.ssl.1c-bitrix-cdn.ru/upload/iblock/2be/2be9d4497fa6f493f00e8b897996c279.jpg?163422151228542,https://1617657.ssl.1c-bitrix-cdn.ru/upload/iblock/4ea/4eae9dc3751dda029431717e2bf26e05.jpg?160801326967832",217
65,Астро™ Дольче Вита™,"""Эко бамбук серый фон 294/1"" панель ПВХ 250х2700х8 мм","""Эко бамбук серый фон 294/1"" панель ПВХ 250х2700х8 мм","https://1617657.ssl.1c-bitrix-cdn.ru/upload/adwex.minified/webp/c16/80/c1663cb8e000fda4aa7d3991e001b66b.webp?16151041856588,https://1617657.ssl.1c-bitrix-cdn.ru/upload/adwex.minified/webp/577/80/5775143b06f07dd6d7c29640f7ea7b54.webp?161583548156084",217
66,Астро™ Дольче Вита™,"""Альтера фисташковая фон 292/1"" панель ПВХ 250х2700х8 мм","""Альтера фисташковая фон 292/1"" панель ПВХ 250х2700х8 мм","https://1617657.ssl.1c-bitrix-cdn.ru/upload/iblock/271/2711b7459b8b8bfd10c7ad25b89ff968.png?1600881999485007,https://1617657.ssl.1c-bitrix-cdn.ru/upload/iblock/731/73175028dfafb20bb1f242f60d790755.jpg?16008811111591413",217
67,Астро™ Дольче Вита™,"""Эко бамбук классик 293"" панель ПВХ 250х2700х8 мм","""Эко бамбук классик 293"" панель ПВХ 250х2700х8 мм","https://1617657.ssl.1c-bitrix-cdn.ru/upload/iblock/d45/d45ace62ea17fa92a5633e22fe1d3429.jpg?163964760431095,https://1617657.ssl.1c-bitrix-cdn.ru/upload/iblock/acd/acdbef06ad3ed663594d8fb40ffd4ac4.jpg?160801320367832",217
68,Астро™ Дольче Вита™,"""Альтера фисташковая узор 292"" панель ПВХ 250х2700х8 мм","""Альтера фисташковая узор 292"" панель ПВХ 250х2700х8 мм","https://1617657.ssl.1c-bitrix-cdn.ru/upload/iblock/9ae/9ae406e532de24eb669a80598f817209.png?1600882757657366,https://1617657.ssl.1c-bitrix-cdn.ru/upload/iblock/908/9086542d160dd596b695718a4b3a4c31.jpg?16008811121591413",217
69,Астро™ Дольче Вита™,"""Альтера голубая узор 291"" панель ПВХ 250х2700х8 мм","""Альтера голубая узор 291"" панель ПВХ 250х2700х8 мм","https://1617657.ssl.1c-bitrix-cdn.ru/upload/iblock/3cd/3cdf77c38cfb0fcd45fcc92936cc516c.png?1600882754591189,https://1617657.ssl.1c-bitrix-cdn.ru/upload/iblock/6a7/6a7e241f0daf68d4356f484013d1f644.jpg?1600881113483311",217
70,Астро™ Дольче Вита™,"""Делла Роза бежевая 295"" панель ПВХ 250х2700х8 мм","""Делла Роза бежевая 295"" панель ПВХ 250х2700х8 мм","https://1617657.ssl.1c-bitrix-cdn.ru/upload/iblock/a85/a85d55234604eb68bb8896d64df4be41.jpg?163455665923447,https://1617657.ssl.1c-bitrix-cdn.ru/upload/iblock/486/486d62af798ff35981744828dc90b222.jpg?160759115189114",217
71,Астро™ Дольче Вита™,"""Делла Роза голубая фон 296/1"" панель ПВХ 250х2700х8 мм","""Делла Роза голубая фон 296/1"" панель ПВХ 250х2700х8 мм","https://1617657.ssl.1c-bitrix-cdn.ru/upload/iblock/acf/acf5b0d0ce1c3f8dc45c191a21715a5c.jpg?163456648019299,https://1617657.ssl.1c-bitrix-cdn.ru/upload/iblock/ce7/ce786bb8e535a9fd26c3eacc078c3554.jpg?160759139679971",217
72,Астро™ Дольче Вита™,"""Делла Роза голубая 296"" панель ПВХ 250х2700х8 мм","""Делла Роза голубая 296"" панель ПВХ 250х2700х8 мм","https://1617657.ssl.1c-bitrix-cdn.ru/upload/iblock/402/402859c90d4d5225318b67c03fab1e3c.jpg?163455670822645,https://1617657.ssl.1c-bitrix-cdn.ru/upload/iblock/da4/da493379efeea9ea72b9023fd4910fae.jpg?160759138579971",212
73,Прованс™,"""Нежность серо-сиреневая узор 280/2"" панель ПВХ 250х3000х8 мм","""Нежность серо-сиреневая узор 280/2"" панель ПВХ 250х3000х8 мм","https://1617657.ssl.1c-bitrix-cdn.ru/upload/iblock/99e/99e7c66c0eda59a3f328f71b13346355.jpg?160089561171519,https://1617657.ssl.1c-bitrix-cdn.ru/upload/iblock/52f/52f68bf2c960a6a0c21cb53201a0005f.jpg?160088171649055",235
74,Астро™ Дольче Вита™,"""Эко бамбук серый 294"" панель ПВХ 250х2700х8 мм","""Эко бамбук серый 294"" панель ПВХ 250х2700х8 мм","https://1617657.ssl.1c-bitrix-cdn.ru/upload/iblock/78c/78c8fa072d562578e3abefc0a1186a2a.jpg?163456169027781,https://1617657.ssl.1c-bitrix-cdn.ru/upload/iblock/596/5969d50721528225b59404a26c314542.jpg?1607591111102649",217
75,Прованс™,"""Нежность белая (перламутровая) 282"" панель ПВХ 250х2700х8 мм","""Нежность белая (перламутровая) 282"" панель ПВХ 250х2700х8 мм",https://1617657.ssl.1c-bitrix-cdn.ru/upload/iblock/818/818d22dcfe3e879a9b4139ed3796002a.jpg?160088096547052,217
76,Астро™ Дольче Вита™,"""Делла Роза графит 297"" панель ПВХ 250х2700х8 мм","""Делла Роза графит 297"" панель ПВХ 250х2700х8 мм",https://1617657.ssl.1c-bitrix-cdn.ru/upload/iblock/533/53349c3804b7be084fbb4673aca22ffa.jpg?16396475579101,217
77,Астро™ Дольче Вита™,"""Делла Роза бежевая фон 295/1"" панель ПВХ 250х2700х8 мм","""Делла Роза бежевая фон 295/1"" панель ПВХ 250х2700х8 мм","https://1617657.ssl.1c-bitrix-cdn.ru/upload/iblock/11a/11aa7c40af2e33c43f98a4fb6724bae4.jpg?163455667520244,https://1617657.ssl.1c-bitrix-cdn.ru/upload/iblock/180/1801551478f999f23247d46879060adc.jpg?160759116389114",217
78,Прованс™,"""Сосна Престиж 278/3"" панель ПВХ 250х2700х8 мм","""Сосна Престиж 278/3"" панель ПВХ 250х2700х8 мм",https://1617657.ssl.1c-bitrix-cdn.ru/upload/iblock/177/177a560811fc1ec185242399c54debf7.jpg?156715033727090,217
79,Астро™ Дольче Вита™,"""Делла Роза графит фон 297/1"" панель ПВХ 250х2700х8 мм","""Делла Роза графит фон 297/1"" панель ПВХ 250х2700х8 мм",https://1617657.ssl.1c-bitrix-cdn.ru/upload/iblock/c6f/c6f8d5864ee005f99196476a38ae524e.jpg?16340442386608,217
80,Прованс™,"""Нежность серо-сиреневая фон 281/2"" панель ПВХ 250х2700х8 мм","""Нежность серо-сиреневая фон 281/2"" панель ПВХ 250х2700х8 мм","https://1617657.ssl.1c-bitrix-cdn.ru/upload/iblock/bde/bded32684beb05c7fa67ba54cb44c0fc.jpg?160088202956378,https://1617657.ssl.1c-bitrix-cdn.ru/upload/iblock/cb0/cb03e2ecd470df27e1e74b16770551d2.jpg?1600881113344324",217
81,Прованс™,"""Флёр 285"" панель ПВХ 250х2700х8 мм","""Флёр 285"" панель ПВХ 250х2700х8 мм","https://1617657.ssl.1c-bitrix-cdn.ru/upload/iblock/b64/b64b82922dae84c62f90c7b0762da859.jpg?161468511657598,https://1617657.ssl.1c-bitrix-cdn.ru/upload/iblock/3dd/3ddaafc445a92ab250b9e7d7eb71c12e.jpg?1600882250249614",217
82,Прованс™,"""Нежность золотистая фон 281"" панель ПВХ 250х2700х8 мм","""Нежность золотистая фон 281"" панель ПВХ 250х2700х8 мм",https://1617657.ssl.1c-bitrix-cdn.ru/upload/iblock/b81/b81700a4741974bbe7677177e1c098e5.jpg?160088096463185,217
83,Прованс™,"""Нежность золотистая узор 280"" панель ПВХ 250х2700х8 мм","""Нежность золотистая узор 280"" панель ПВХ 250х2700х8 мм",https://1617657.ssl.1c-bitrix-cdn.ru/upload/iblock/c11/c113e6f3d1428f76393b9ce409357521.jpg?160088202964196,217
84,Прованс™,"""Вдохновение компаньон 286/1"" панель ПВХ 250х2700х8 мм","""Вдохновение компаньон 286/1"" панель ПВХ 250х2700х8 мм",https://1617657.ssl.1c-bitrix-cdn.ru/upload/iblock/e00/e0079555f46074bdfd78cc89837f18de.jpg?160088096551918,217
85,Прованс™,"""Южный прованс компаньон 278"" панель ПВХ 250х3000х8 мм","""Южный прованс компаньон 278"" панель ПВХ 250х3000х8 мм",https://1617657.ssl.1c-bitrix-cdn.ru/upload/iblock/605/605706d488f50412964570115d0cbcda.jpg?158978595020071,235
86,Прованс™,"""Нежность серо-сиреневая узор 280/2"" панель ПВХ 250х2700х8 мм","""Нежность серо-сиреневая узор 280/2"" панель ПВХ 250х2700х8 мм","https://1617657.ssl.1c-bitrix-cdn.ru/upload/iblock/3cd/3cdd0ebe5ad61b7c693e7df08484ba9b.jpg?160088096471519,https://1617657.ssl.1c-bitrix-cdn.ru/upload/iblock/7a2/7a220d94deac36f6555a3543dcf2d2c1.jpg?1600881113344324",217
87,Прованс™,"""Осенний прованс 277/2"" панель ПВХ 250х2700х8 мм","""Осенний прованс 277/2"" панель ПВХ 250х2700х8 мм",https://1617657.ssl.1c-bitrix-cdn.ru/upload/iblock/4f1/4f1dd12d3f5b8c1b7f858b88865a9433.jpg?156715035835236,217
88,Прованс™,"""Вдохновение 286"" панель ПВХ 250х2700х8 мм","""Вдохновение 286"" панель ПВХ 250х2700х8 мм","https://1617657.ssl.1c-bitrix-cdn.ru/upload/iblock/2b8/2b831503e07fc1253773eff0db66e541.jpg?160088096556587,https://1617657.ssl.1c-bitrix-cdn.ru/upload/iblock/105/10554782a5905efb7658d9b92ab9c673.jpg?16008822525045357",217
89,Прованс™,"""Южный прованс 277"" панель ПВХ 250х3000х8 мм","""Южный прованс 277"" панель ПВХ 250х3000х8 мм","https://1617657.ssl.1c-bitrix-cdn.ru/upload/iblock/bd4/bd4d032ee2cf5b8e90504a0a4e111cb7.jpg?160088900640225,https://1617657.ssl.1c-bitrix-cdn.ru/upload/iblock/c09/c09b46b05a48faff47f0a253bf5dad1e.jpg?160088171675504",235
90,Прованс™,"""Осенний прованс компаньон 278/2"" панель ПВХ 250х2700х8 мм","""Осенний прованс компаньон 278/2"" панель ПВХ 250х2700х8 мм",https://1617657.ssl.1c-bitrix-cdn.ru/upload/iblock/953/953824efa42c7cf0840c4616e14086a8.jpg?156715049518130,217
91,Прованс™,"""Нежность фисташковая фон 281/1"" панель ПВХ 250х2700х8 мм","""Нежность фисташковая фон 281/1"" панель ПВХ 250х2700х8 мм","https://1617657.ssl.1c-bitrix-cdn.ru/upload/iblock/8eb/8ebda8ac4fca0dc4ea84a2d4f8a7b03b.jpg?160088096464162,https://1617657.ssl.1c-bitrix-cdn.ru/upload/iblock/35b/35bf98fdd710266d1a3b2d01bca1bd69.jpg?160163614896183",217
92,Прованс™,"""Нежность фисташковая узор 280/1"" панель ПВХ 250х2700х8 мм","""Нежность фисташковая узор 280/1"" панель ПВХ 250х2700х8 мм","https://1617657.ssl.1c-bitrix-cdn.ru/upload/iblock/099/099f9549823aee8681a8b44baef86a88.jpg?160088202960985,https://1617657.ssl.1c-bitrix-cdn.ru/upload/iblock/27f/27f3ca81f47a959eea0ece4febe25c87.jpg?160163617596183",217
93,Прованс™,"""Большая охота компаньон 279/1"" панель ПВХ 250х2700х8 мм","""Большая охота компаньон 279/1"" панель ПВХ 250х2700х8 мм","https://1617657.ssl.1c-bitrix-cdn.ru/upload/iblock/9ab/9ab491ddb61a5e171a0caa2c13d42bba.jpg?160088199658713,https://1617657.ssl.1c-bitrix-cdn.ru/upload/iblock/9b8/9b8ec55b26c19f94be53cd09303e9e31.jpg?1600881716117298",217
94,Прованс™,"""Нежность серо-сиреневая фон 281/2"" панель ПВХ 250х3000х8 мм","""Нежность серо-сиреневая фон 281/2"" панель ПВХ 250х3000х8 мм","https://1617657.ssl.1c-bitrix-cdn.ru/upload/iblock/bd9/bd910f5441b7039a94944184ec111d00.jpg?160089561156378,https://1617657.ssl.1c-bitrix-cdn.ru/upload/iblock/156/156c3ddc7e6e064519b85b74ed455ba2.jpg?160088171649055",235
95,Прованс™,"""Южный прованс компаньон 278"" панель ПВХ 250х2700х8 мм","""Южный прованс компаньон 278"" панель ПВХ 250х2700х8 мм","https://1617657.ssl.1c-bitrix-cdn.ru/upload/adwex.minified/webp/a36/80/a366d2202261bcf685a1cb575e4ee717.webp?16151041818668,https://1617657.ssl.1c-bitrix-cdn.ru/upload/adwex.minified/webp/0ea/80/0ea2359fcd9d7c3be4aeda32a6520ea8.webp?161571354963066",217
96,Прованс™,"""Большая охота 279"" панель ПВХ 250х2700х8 мм","""Большая охота 279"" панель ПВХ 250х2700х8 мм","https://1617657.ssl.1c-bitrix-cdn.ru/upload/iblock/1e4/1e49dc254dd1f90effb4ccf2322188be.jpg?160088202948165,https://1617657.ssl.1c-bitrix-cdn.ru/upload/iblock/249/2490b814896de0222f9d69103205b0d3.jpg?1600881716117298",217
97,Цветочная Оранда™,"""Иней - фон 810"" панель ПВХ 250х2700х8 мм","""Иней - фон 810"" панель ПВХ 250х2700х8 мм","https://1617657.ssl.1c-bitrix-cdn.ru/upload/iblock/61d/61d8d34dd5773e092b145a202022a526.jpg?160088093333644,https://1617657.ssl.1c-bitrix-cdn.ru/upload/iblock/b92/b921e09928330f1b04f034a4827bc0b1.webp?1593524248172344",236
98,Цветочная Оранда™,"""Органза - Орхидея 808"" панель ПВХ 250х2700х8 мм","""Органза - Орхидея 808"" панель ПВХ 250х2700х8 мм","https://1617657.ssl.1c-bitrix-cdn.ru/upload/iblock/c69/c6991ad63d8badc2f2cf237897ba3221.jpg?160088093340356,https://1617657.ssl.1c-bitrix-cdn.ru/upload/iblock/527/527b8831b1269595f011b777399e40a3.webp?1593524306154182",236
99,Прованс™,"""Южный прованс 277"" панель ПВХ 250х2700х8 мм","""Южный прованс 277"" панель ПВХ 250х2700х8 мм","https://1617657.ssl.1c-bitrix-cdn.ru/upload/iblock/2e5/2e59b890ea89109919db617a810473bb.jpg?160088104740225,https://1617657.ssl.1c-bitrix-cdn.ru/upload/iblock/b8c/b8cafb0a190700624afc90516b0fe3a0.jpg?160088171675504",217
100,Дерево и камень,"""Камень (1) 344"" панель ПВХ 250х2700х8 мм","""Камень (1) 344"" панель ПВХ 250х2700х8 мм","https://1617657.ssl.1c-bitrix-cdn.ru/upload/iblock/0b7/0b765f915231e08a563f9878bc9a7cb5.jpg?160088900341424,https://1617657.ssl.1c-bitrix-cdn.ru/upload/iblock/104/10402edd377d74d555651534d0a78eb0.jpg?160088172797082",217
101,Цветочная Оранда™,"""Иней - Тюльпан 809"" панель ПВХ 250х2700х8 мм","""Иней - Тюльпан 809"" панель ПВХ 250х2700х8 мм","https://1617657.ssl.1c-bitrix-cdn.ru/upload/iblock/46c/46ce9e4006b3ef9db7ba4e6abda5cef1.jpg?160088093343953,https://1617657.ssl.1c-bitrix-cdn.ru/upload/iblock/509/509c70e3f768b0c1acb4360fcfd99c2c.webp?1593524227172344",236
102,Цветочная Оранда™,"""Органза - фон 807"" панель ПВХ 250х2700х8 мм","""Органза - фон 807"" панель ПВХ 250х2700х8 мм","https://1617657.ssl.1c-bitrix-cdn.ru/upload/iblock/03d/03d6d91a206fc40e0a2515125e3e0359.jpg?160088093332991,https://1617657.ssl.1c-bitrix-cdn.ru/upload/iblock/adb/adba2413ee539346fc585bc7b91a2cba.webp?1593524357154182",244
103,Дерево и камень,"""Известняк мраморизированный 628"" панель ПВХ 250х2700х8 мм","""Известняк мраморизированный 628"" панель ПВХ 250х2700х8 мм","https://1617657.ssl.1c-bitrix-cdn.ru/upload/iblock/707/7072a49294c252d9ad0d847557a0e9d5.jpg?160088104742608,https://1617657.ssl.1c-bitrix-cdn.ru/upload/iblock/ebc/ebcb103fa6d93b9c9706b85e9f836ab2.jpg?160088172782997",217
104,Дерево и камень,"""Клен сахарный WS 02"" панель ПВХ 250х2700х8 мм","""Клен сахарный WS 02"" панель ПВХ 250х2700х8 мм",https://1617657.ssl.1c-bitrix-cdn.ru/upload/adwex.minified/webp/b44/80/b4445a13f2528f09a2042312a49a1a09.webp?161546034921510,217
105,Дерево и камень,"""Каменная кладка 619"" панель ПВХ 250х2700х8 мм","""Каменная кладка 619"" панель ПВХ 250х2700х8 мм","https://1617657.ssl.1c-bitrix-cdn.ru/upload/iblock/93a/93a2c1d9adfe5bda99f5fae95dff15fb.jpg?1600880964104452,https://1617657.ssl.1c-bitrix-cdn.ru/upload/iblock/64c/64c4b9f32e719ba90cb2a7426e963c01.jpg?1600881727111900",217
106,Дерево и камень,"""Мрамор бежевый 68"" панель ПВХ 250х2700х8 мм","""Мрамор бежевый 68"" панель ПВХ 250х2700х8 мм",https://1617657.ssl.1c-bitrix-cdn.ru/upload/iblock/f49/f495ad9349cb9ca5d22c927054836823.jpg?160088197414495,217
107,Основная коллекция,"""Белый ясень 2043"" панель ПВХ 250х2700х8 мм","""Белый ясень 2043"" панель ПВХ 250х2700х8 мм",https://1617657.ssl.1c-bitrix-cdn.ru/upload/iblock/4b4/4b4ace8dd3fc641e055b39dab4f5759e.jpg?156741331310105,217
108,Основная коллекция,"""Шашки 43"" панель ПВХ 250х2700х8 мм","""Шашки 43"" панель ПВХ 250х2700х8 мм",https://1617657.ssl.1c-bitrix-cdn.ru/upload/iblock/512/512bf10278dec9ae31ea064b13d37f06.jpg?156741345011431,217
109,Основная коллекция,"""Кристалл мелкий 8"" панель ПВХ 250х2700х8 мм","""Кристалл мелкий 8"" панель ПВХ 250х2700х8 мм",https://1617657.ssl.1c-bitrix-cdn.ru/upload/iblock/957/95727e2ea0a3b2e6c1bd2b849fc2174d.jpg?15674136108877,217
110,Дерево и камень,"""Дуб серебро EGA 33/2"" панель ПВХ 250х2700х8 мм","""Дуб серебро EGA 33/2"" панель ПВХ 250х2700х8 мм",https://1617657.ssl.1c-bitrix-cdn.ru/upload/iblock/d0a/d0aaf522f48f5462e9236f6afc0c8b92.jpg?160088889849756,217
111,Дерево и камень,"""Орех SWU 49/3"" панель ПВХ 250х2700х8 мм","""Орех SWU 49/3"" панель ПВХ 250х2700х8 мм",https://1617657.ssl.1c-bitrix-cdn.ru/upload/iblock/ade/ade82a177ca5fda01e60f2b64090b338.jpg?160088272264577,217
112,Дерево и камень,"""Палевый бамбук 91/1"" панель ПВХ 250х2700х8 мм","""Палевый бамбук 91/1"" панель ПВХ 250х2700х8 мм",https://1617657.ssl.1c-bitrix-cdn.ru/upload/iblock/de6/de6240496640aabc2e10fa618002f811.jpg?160088093044355,217
113,Дерево и камень,"""Мрамор голубой 68/1"" панель ПВХ 250х2700х8 мм","""Мрамор голубой 68/1"" панель ПВХ 250х2700х8 мм",https://1617657.ssl.1c-bitrix-cdn.ru/upload/iblock/c3a/c3a91b8fee273e4717ab723a6fcdc1c4.jpg?160088197417861,217
114,Основная коллекция,"""Сосна 27"" панель ПВХ 250х2700х8 мм","""Сосна 27"" панель ПВХ 250х2700х8 мм","https://1617657.ssl.1c-bitrix-cdn.ru/upload/iblock/2c4/2c4f696040d6ba68718e11fb658ba100.jpg?160088924921590,https://1617657.ssl.1c-bitrix-cdn.ru/upload/iblock/95d/95d50a22d113f7d6a1ca25ee246422f8.png?1600889251365206",217
115,Основная коллекция,"""Шашки 43"" панель ПВХ 250х3000х8 мм","""Шашки 43"" панель ПВХ 250х3000х8 мм",https://1617657.ssl.1c-bitrix-cdn.ru/upload/iblock/963/963883c160ea287505461c5cb09b4d65.jpg?161530107614973,241
116,Основная коллекция,"""Океан 6"" панель ПВХ 250х2700х8 мм","""Океан 6"" панель ПВХ 250х2700х8 мм",https://1617657.ssl.1c-bitrix-cdn.ru/upload/iblock/f81/f8129d3cb746d60ba9a0a8c6eff3f48e.jpg?15674134028918,217
117,Пробуждение,"""Каррара компаньон 638/1"" панель ПВХ 250х2700х8 мм","""Каррара компаньон 638/1"" панель ПВХ 250х2700х8 мм","https://1617657.ssl.1c-bitrix-cdn.ru/upload/iblock/120/120c90a15866bfb3c913337da086df90.png?1600881028210798,https://1617657.ssl.1c-bitrix-cdn.ru/upload/iblock/642/642c41a89b17bf860e8c8821cf20d9f1.jpg?160089627861651",217
118,Основная коллекция,"""Кристалл крупный 1082"" панель ПВХ 250х2700х8 мм","""Кристалл крупный 1082"" панель ПВХ 250х2700х8 мм",https://1617657.ssl.1c-bitrix-cdn.ru/upload/iblock/adf/adf955d799cc0908b0e786f6b6a86b3b.jpg?156741349210832,217
119,Пробуждение,"""Сеньора 632"" панель ПВХ 250х2700х8 мм","""Сеньора 632"" панель ПВХ 250х2700х8 мм","https://1617657.ssl.1c-bitrix-cdn.ru/upload/iblock/bac/bac0b51f6fd65db67abf65a0e791aaac.png?1600881026385678,https://1617657.ssl.1c-bitrix-cdn.ru/upload/iblock/020/020da4861e2411a85d6a34fb03a88e4c.jpg?160089627891351",217
120,Основная коллекция,"""Восток 10"" панель ПВХ 250х2700х8 мм","""Восток 10"" панель ПВХ 250х2700х8 мм",https://1617657.ssl.1c-bitrix-cdn.ru/upload/iblock/915/9155b283c6d5e386e403634d489dbbc1.jpg?15674132858909,217
121,Пробуждение,"""Валенсия компаньон 635/1"" панель ПВХ 250х2700х8 мм","""Валенсия компаньон 635/1"" панель ПВХ 250х2700х8 мм",https://1617657.ssl.1c-bitrix-cdn.ru/upload/iblock/666/6668f62bc17b06631fd66ebec7657277.jpg?160388903648313,217
122,Основная коллекция,"""Бук G"" панель ПВХ 250х2700х8 мм","""Бук G"" панель ПВХ 250х2700х8 мм",https://1617657.ssl.1c-bitrix-cdn.ru/upload/iblock/645/645d912f7441c5042b95abfcbb36f418.jpg?15674136208750,217
123,Основная коллекция,"""Весна F/A"" панель ПВХ 250х2700х8 мм","""Весна F/A"" панель ПВХ 250х2700х8 мм",https://1617657.ssl.1c-bitrix-cdn.ru/upload/iblock/302/302af939ef3fff4fdee61ed758c96411.jpg?160088093010843,217
124,Пробуждение,"""Макраме компаньон 637/1"" панель ПВХ 250х2700х8 мм","""Макраме компаньон 637/1"" панель ПВХ 250х2700х8 мм","https://1617657.ssl.1c-bitrix-cdn.ru/upload/iblock/2bf/2bfbab56ba4c41c994eb6828d919bb7c.png?1600881037335029,https://1617657.ssl.1c-bitrix-cdn.ru/upload/iblock/acd/acd2199980b7c102b27d7e3680f73fa6.jpg?160089627871853",217
125,FANTASY ФАРН,"""Жемчужная мозаика 348"" панель ПВХ 250х2700х8 мм","""Жемчужная мозаика 348"" панель ПВХ 250х2700х8 мм","https://1617657.ssl.1c-bitrix-cdn.ru/upload/iblock/a20/a20daae07fc4a195c17cc427552a7614.jpg?160088890434687,https://1617657.ssl.1c-bitrix-cdn.ru/upload/iblock/e9f/e9f4265c2340ef1c3c7093dc32979f1c.jpg?160089628058739",217
126,Пробуждение,"""Примавера 636"" панель ПВХ 250х2700х8 мм","""Примавера 636"" панель ПВХ 250х2700х8 мм","https://1617657.ssl.1c-bitrix-cdn.ru/upload/iblock/215/2151b2b428b10bcd4e4b65e8197918a3.png?1600881034528411,https://1617657.ssl.1c-bitrix-cdn.ru/upload/iblock/6c6/6c6722a8360054e7420709660d172c78.jpg?160089627872919",217
127,FANTASY ФАРН,"""Нежный шелк компаньон 620/1"" панель ПВХ 250х2700х8 мм","""Нежный шелк компаньон 620/1"" панель ПВХ 250х2700х8 мм","https://1617657.ssl.1c-bitrix-cdn.ru/upload/iblock/0ac/0acac9ff24ac0b08124a37d70c3d6dc8.jpg?160088096527032,https://1617657.ssl.1c-bitrix-cdn.ru/upload/iblock/2fc/2fc73efc365227bf46e986c534d6ed62.jpg?160088912183410",217
128,FANTASY ФАРН,"""Нежный шелк 620"" панель ПВХ 250х2700х8 мм","""Нежный шелк 620"" панель ПВХ 250х2700х8 мм","https://1617657.ssl.1c-bitrix-cdn.ru/upload/iblock/01d/01d2936948bbb7bd3ec9936057eb16fd.jpg?160088096544906,https://1617657.ssl.1c-bitrix-cdn.ru/upload/iblock/cb7/cb7cfb86e29f5c47d54655816d4cce65.jpg?160088912183410",217
129,FANTASY ФАРН,"""Орхидея серебристая (миндаль) 158"" панель ПВХ 250х2700х8 мм","""Орхидея серебристая (миндаль) 158"" панель ПВХ 250х2700х8 мм",https://1617657.ssl.1c-bitrix-cdn.ru/upload/iblock/626/6264236b7868a50a39cee23b714cd0c8.jpg?160088197468296,217
130,FANTASY ФАРН,"""Императрица компаньон 629/1"" панель ПВХ 250х2700х8 мм","""Императрица компаньон 629/1"" панель ПВХ 250х2700х8 мм","https://1617657.ssl.1c-bitrix-cdn.ru/upload/iblock/f74/f74184d2c1ef118532e73ef1bbc6d979.jpg?160088900224478,https://1617657.ssl.1c-bitrix-cdn.ru/upload/iblock/cbf/cbff4cf328dcaa6fc7feab2a80b52479.jpg?160088912171046",217
131,FANTASY ФАРН,"""Орхидея фон 351/1"" панель ПВХ 250х2700х8 мм","""Орхидея фон 351/1"" панель ПВХ 250х2700х8 мм","https://1617657.ssl.1c-bitrix-cdn.ru/upload/iblock/859/859622073b23f6005a8ca13f1c4714f2.jpg?160088108152239,https://1617657.ssl.1c-bitrix-cdn.ru/upload/iblock/f6f/f6ff6cf5158c6845a01045db8ebeb3fa.jpg?160088912177529",217
132,FANTASY ФАРН,"""Орхидея 351"" панель ПВХ 250х2700х8 мм","""Орхидея 351"" панель ПВХ 250х2700х8 мм","https://1617657.ssl.1c-bitrix-cdn.ru/upload/iblock/c1b/c1b3052cbb6138b04ef7a0087231df29.jpg?160088108147424,https://1617657.ssl.1c-bitrix-cdn.ru/upload/iblock/0d7/0d7532746d65d59e44227d44847d227a.jpg?160089628077529",217
133,FANTASY ФАРН,"""Морской бриз фон 611/1"" панель ПВХ 250х2700х8 мм","""Морской бриз фон 611/1"" панель ПВХ 250х2700х8 мм","https://1617657.ssl.1c-bitrix-cdn.ru/upload/iblock/50d/50de0d784b4c2e1ed54204e41890b4fc.jpg?1603886373118236,https://1617657.ssl.1c-bitrix-cdn.ru/upload/iblock/a06/a06b25edcb38f51b0cad99fb597e5bbf.jpg?160089628061302",217
134,FANTASY ФАРН,"""Морской бриз 611"" панель ПВХ 250х2700х8 мм","""Морской бриз 611"" панель ПВХ 250х2700х8 мм","https://1617657.ssl.1c-bitrix-cdn.ru/upload/iblock/d75/d755199392319c21eb30eeb9eaaf9dd6.jpg?1603886230132591,https://1617657.ssl.1c-bitrix-cdn.ru/upload/iblock/39b/39b6d2a2d8e9843aed4dca75a02a2a7a.jpg?160089628061302",217
135,FANTASY ФАРН,"""Ирис 349"" панель ПВХ 250х2700х8 мм","""Ирис 349"" панель ПВХ 250х2700х8 мм","https://1617657.ssl.1c-bitrix-cdn.ru/upload/iblock/fdc/fdc840574494a8ffd3271b17acf8771e.jpg?160088900318195,https://1617657.ssl.1c-bitrix-cdn.ru/upload/iblock/c1e/c1eceec101a9dbcc49268547c36705d3.jpg?160088912157420",217
136,FANTASY ФАРН,"""Звездное небо 45"" панель ПВХ 250х2700х8 мм","""Звездное небо 45"" панель ПВХ 250х2700х8 мм",https://1617657.ssl.1c-bitrix-cdn.ru/upload/iblock/e70/e702bd67522050b3a36af752d15cac4a.jpg?156715616017155,217
137,Ар брют Мэрит Серенити,"""Серебряная дымка 21T030"" панель ПВХ 250х2700х8 мм","""Серебряная дымка 21T030"" панель ПВХ 250х2700х8 мм","https://1617657.ssl.1c-bitrix-cdn.ru/upload/iblock/7b6/7b6978a995447ff23fa81e3b8b812b18.jpg?163453725853350,https://1617657.ssl.1c-bitrix-cdn.ru/upload/iblock/c21/c21b8fed21346ea2d2689d8bc2b5c0e3.jpeg?162826433460854,https://1617657.ssl.1c-bitrix-cdn.ru/upload/iblock/0b3/0b3fe593fd3955a05f0c92f3bad9f6fd.jpg?162826433436824",217
138,FANTASY ФАРН,"""Ирис фон 349/1"" панель ПВХ 250х2700х8 мм","""Ирис фон 349/1"" панель ПВХ 250х2700х8 мм","https://1617657.ssl.1c-bitrix-cdn.ru/upload/iblock/398/39853059d349bcaae5d26bf3ea8de656.jpg?15675218999037,https://1617657.ssl.1c-bitrix-cdn.ru/upload/iblock/069/0691ba727fcfa6e61be6f626bf3ab160.jpg?160088912157420",217
139,Оранда™,"""Белые розы 851"" панель ПВХ 250х2700х8 мм","""Белые розы 851"" панель ПВХ 250х2700х8 мм",https://1617657.ssl.1c-bitrix-cdn.ru/upload/iblock/b9c/b9c50eb4193861207bdce16fd57ff35d.jpg?157319695213985,244
140,Ар брют Мэрит Серенити,"""Золото Инков 21T031"" панель ПВХ 250х2700х8 мм","""Золото Инков 21T031"" панель ПВХ 250х2700х8 мм","https://1617657.ssl.1c-bitrix-cdn.ru/upload/iblock/3b2/3b2452aff2e1a11d6268265f9248f893.jpg?163455596890620,https://1617657.ssl.1c-bitrix-cdn.ru/upload/iblock/f36/f36a55e4171582c175b2a6aa87f16927.jpg?162826438637458",217
141,Ар брют Мэрит Серенити,"""Утренний Петербург "" панель ПВХ 250х2700х8 мм","""Утренний Петербург "" панель ПВХ 250х2700х8 мм","https://1617657.ssl.1c-bitrix-cdn.ru/upload/iblock/cac/cacf5bbc71ce6d5d6e9a3bc16f30e701.jpg?163903851219263,https://1617657.ssl.1c-bitrix-cdn.ru/upload/iblock/a20/a208884f13e9560095db821f0e615455.jpg?163903848244128",217
142,Оранда™,"""Белые камни 849"" панель ПВХ 250х2700х8 мм","""Белые камни 849"" панель ПВХ 250х2700х8 мм",https://1617657.ssl.1c-bitrix-cdn.ru/upload/iblock/5b4/5b4ca293015118b0d5e8ece11d11a572.jpg?160327011826425,244
143,Ар брют Мэрит Серенити,"""Мрамор Вулкано 21T029"" панель ПВХ 250х2700х8 мм","""Мрамор Вулкано 21T029"" панель ПВХ 250х2700х8 мм","https://1617657.ssl.1c-bitrix-cdn.ru/upload/iblock/f3d/f3d5cb166ce71ab65b72c8469d2a5290.jpg?163732857168680,https://1617657.ssl.1c-bitrix-cdn.ru/upload/iblock/604/6041ced0d4a1b207ce32032438787dfc.jpg?162826417844126",217
